<project xmlns="http://maven.apache.org/POM/4.0.0" xmlns:xsi="http://www.w3.org/2001/XMLSchema-instance" xsi:schemaLocation="http://maven.apache.org/POM/4.0.0 http://maven.apache.org/xsd/maven-4.0.0.xsd">
  <modelVersion>4.0.0</modelVersion>
  <groupId>com.hp.lft</groupId>
  <artifactId>reportbuilder</artifactId>
  <version>14.51.0</version>
  <packaging>jar</packaging>
  <dependencies>
    <dependency>
      <groupId>com.google.code.gson</groupId>
      <artifactId>gson</artifactId>
      <version>2.7</version>
    </dependency>
    <dependency>
      <groupId>net.java.dev.jna</groupId>
      <artifactId>jna-platform</artifactId>
      <version>4.2.2</version>
    </dependency>
    <dependency>
      <groupId>commons-codec</groupId>
      <artifactId>commons-codec</artifactId>
      <version>1.11</version>
    </dependency>
  </dependencies>
</project>
