<project xmlns="http://maven.apache.org/POM/4.0.0" xmlns:xsi="http://www.w3.org/2001/XMLSchema-instance" xsi:schemaLocation="http://maven.apache.org/POM/4.0.0 http://maven.apache.org/xsd/maven-4.0.0.xsd">
  <modelVersion>4.0.0</modelVersion>
  <groupId>com.hp.lft</groupId>
  <artifactId>report</artifactId>
  <version>14.51.0</version>
  <packaging>jar</packaging>
  <dependencies>
    <dependency>
      <groupId>info.cukes</groupId>
      <artifactId>gherkin</artifactId>
      <version>2.12.2</version>
    </dependency>
    <dependency>
      <groupId>com.hp.lft</groupId>
      <artifactId>sdk</artifactId>
      <version>14.51.0</version>
    </dependency>
    <dependency>
      <groupId>com.hp.lft</groupId>
      <artifactId>common</artifactId>
      <version>14.51.0</version>
    </dependency>
    <dependency>
      <groupId>com.hp.lft</groupId>
      <artifactId>reportbuilder</artifactId>
      <version>14.51.0</version>
    </dependency>
  </dependencies>
</project>
