<project xmlns="http://maven.apache.org/POM/4.0.0" xmlns:xsi="http://www.w3.org/2001/XMLSchema-instance" xsi:schemaLocation="http://maven.apache.org/POM/4.0.0 http://maven.apache.org/xsd/maven-4.0.0.xsd">
  <modelVersion>4.0.0</modelVersion>
  <groupId>com.hp.lft</groupId>
  <artifactId>sdk</artifactId>
  <version>14.51.0</version>
  <packaging>jar</packaging>
  <dependencies>
    <dependency>
      <groupId>com.google.code.gson</groupId>
      <artifactId>gson</artifactId>
      <version>2.7</version>
    </dependency>
    <dependency>
      <groupId>org.glassfish.tyrus.bundles</groupId>
      <artifactId>tyrus-standalone-client</artifactId>
      <version>1.13</version>
    </dependency>
    <dependency>
      <groupId>org.reflections</groupId>
      <artifactId>reflections</artifactId>
      <version>0.9.10</version>
    </dependency>
    <dependency>
      <groupId>com.google.guava</groupId>
      <artifactId>guava</artifactId>
      <version>15.0</version>
    </dependency>
    <dependency>
      <groupId>org.javassist</groupId>
      <artifactId>javassist</artifactId>
      <version>3.19.0-GA</version>
    </dependency>
    <dependency>
      <groupId>com.hp.lft</groupId>
      <artifactId>common</artifactId>
      <version>14.51.0</version>
    </dependency>
    <dependency>
      <groupId>commons-codec</groupId>
      <artifactId>commons-codec</artifactId>
      <version>1.11</version>
    </dependency>
  </dependencies>
</project>
